ID,Year_Birth,Education,Marital_Status,Income,Kidhome,Teenhome,Dt_Customer,Recency,Complain,MntWines,MntFruits,MntMeatProducts,MntFishProducts,MntSweetProducts,MntGoldProds,NumDealsPurchases,AcceptedCmp1,AcceptedCmp2,AcceptedCmp3,AcceptedCmp4,AcceptedCmp5,Response,NumWebPurchases,NumCatalogPurchases,NumStorePurchases,NumWebVisitsMonth
e4556745-0ace-4c5a-a9fd-79fa6c949084,1981,2n Cycle,Together,97620.38819999309,0,1,2020-08-21,29,0,91,177,276,402,160,78,8,0,1,1,1,0,1,2,1,14,6
bcf6a627-9636-400b-aae2-f5355933b3ce,1944,Basic,Together,80439.07620121227,0,0,2023-05-01,4,0,981,6,437,52,74,86,7,0,1,0,1,1,1,4,8,14,12
b185b9b4-e578-4c96-996a-9c18cca46a3d,2001,Basic,Married,129908.57776636512,0,0,2023-10-10,99,0,454,69,106,274,76,13,1,1,1,0,0,1,0,15,9,14,23
9dc41ca6-d5c8-40e8-8619-580b1af9e2ed,1990,Basic,Single,102217.1084266523,1,0,2022-10-20,141,0,597,126,657,312,49,86,2,0,0,1,0,1,0,17,9,14,1
a1edd443-18ff-4431-ad5c-16754040a1f6,1950,Basic,Widow,32810.81979140016,1,2,2020-02-22,39,1,509,159,419,280,10,18,1,0,0,1,1,1,1,16,0,7,3
9d00418f-1df0-45a8-a084-82f17f26e4f7,2004,2n Cycle,Single,19879.62463606018,0,1,2022-11-01,15,0,1206,247,610,213,94,53,7,0,1,1,0,1,1,10,0,2,9
97c4456b-37f4-4bbc-b788-6afea912bc78,2004,2n Cycle,Together,99938.69894888418,0,0,2021-11-04,119,1,385,202,428,30,155,92,5,1,1,1,1,1,1,16,2,10,6
52c7490e-da9a-48ed-a034-29d78ffa6136,1953,PhD,Widow,13711.583475827054,0,0,2020-06-27,29,0,404,147,374,336,69,19,5,1,0,1,1,1,0,15,13,1,23
5a4bc7c7-87ea-40ae-b801-fd0b6d70aaa2,1932,PhD,Together,92008.58137828486,1,1,2020-11-26,75,1,245,142,72,182,168,28,11,1,1,0,0,0,0,1,14,6,16
29d407a4-bd64-4a99-8434-eb2d08b8f510,1951,2n Cycle,Married,141632.23379949408,1,0,2022-01-27,116,1,741,198,948,22,15,23,14,1,1,0,0,0,0,3,2,7,19
af00fa6e-abc7-4daf-b9db-04e8fbe13e6e,1982,Graduation,Married,90566.38490262306,1,1,2020-01-04,32,1,660,153,997,31,67,81,8,0,1,0,1,0,0,6,0,0,5
4d428247-4ac8-4041-b11b-095f34369598,1931,2n Cycle,Married,64343.789668913065,1,1,2022-06-18,130,1,649,141,633,445,98,62,7,0,0,1,0,0,0,1,11,11,18
724ba8bf-0712-4716-bdef-8a0079b353e9,1959,Master,Single,100060.35058192945,0,1,2023-06-18,84,1,1494,164,29,73,47,73,3,0,0,0,1,0,1,5,6,9,4
1f56b363-c676-4e95-8b98-38e701a60bdc,1967,PhD,Single,74155.40466881232,0,1,2021-12-22,22,1,1446,20,187,9,183,56,14,1,1,0,1,0,0,16,3,8,9
96ae9437-0021-4c74-8c82-300dbfd90e99,1931,Graduation,Single,86386.3505042309,0,1,2021-03-09,27,0,900,81,363,483,63,7,11,0,0,0,1,1,1,6,9,14,8
5da79056-6b2d-4e5b-8edf-7d2ad0299c25,1993,2n Cycle,Together,141805.07322871353,0,2,2021-11-05,81,1,64,68,865,455,186,89,3,0,1,1,0,1,1,4,12,12,26
3a66d661-5996-4054-b92c-3fbc5ae8e27b,1989,Graduation,Single,64054.36929210839,1,0,2021-11-24,126,0,1036,130,799,53,89,61,8,1,1,1,1,0,0,4,1,14,12
75fc5294-2599-4246-a612-89079512d5ea,1950,Master,Divorced,144566.678935348,1,2,2022-06-29,92,1,212,86,450,51,189,28,0,1,0,0,1,1,1,19,9,10,18
fc32c6a5-26b2-43db-8c0b-bed58824625d,1962,Graduation,Together,136749.08987384892,0,0,2023-10-02,21,1,241,217,194,147,75,73,12,1,1,1,1,0,0,15,4,3,20
d7cf8831-ba80-47d6-bc29-5091b0cd9bc1,1987,Master,Married,37410.7588705015,0,2,2020-06-08,47,0,492,160,155,159,138,16,1,0,1,0,1,1,1,18,5,13,23
86e99e24-fa47-473f-9934-0dad7dd1c4bd,1951,Master,Together,19710.582122523163,1,1,2021-02-13,101,1,1236,177,171,369,100,65,1,0,0,0,1,1,0,8,8,11,5
70fc73b9-f0dd-4011-b50e-92bc1a4ed37a,1978,Graduation,Widow,24108.92019283973,0,0,2020-07-19,84,0,337,116,846,13,88,5,12,1,1,0,1,1,0,4,3,13,3
14454f59-16f7-40d9-a352-9167eb3dab05,1988,Master,Divorced,12551.055591216962,1,0,2021-06-22,6,0,172,195,40,177,17,57,12,0,1,0,1,1,1,7,1,3,23
0d39edf0-b31e-4d0e-856f-85b43f04f7f1,1971,2n Cycle,Married,23222.014505829975,0,2,2022-07-25,147,0,671,85,62,411,18,68,5,1,1,1,1,1,0,8,4,2,26
baf4ab7b-3b64-4e09-9b98-99cfb92c58b3,1989,Master,Divorced,105620.94827828996,0,2,2020-01-22,131,0,163,288,22,365,54,27,14,1,0,1,1,1,1,4,2,5,2
fd89d05e-4401-42ae-af3f-96a078a8fc0f,1944,Graduation,Widow,19966.41078443206,0,0,2021-11-19,1,1,464,80,359,499,101,61,3,0,1,1,1,0,0,9,1,0,2
8faa1593-ee9c-4781-ab56-7244124261cd,1991,PhD,Single,54656.588241126585,0,2,2022-04-12,58,1,994,151,74,52,117,40,12,1,0,1,1,0,0,1,11,5,3
f127b428-127c-4f15-adce-eee1d757feeb,1991,Graduation,Single,128282.54353572364,0,2,2022-11-21,124,0,496,60,559,407,153,68,10,1,1,0,0,1,0,8,0,1,24
c8b3e24d-66f7-4c42-9760-41527a3902f6,1976,Graduation,Together,13258.07100301562,0,2,2021-08-18,15,1,699,60,671,334,133,81,9,1,1,1,1,0,1,10,9,8,4
4efe5cb7-365d-4d8b-b49a-33780015fd1f,1991,PhD,Divorced,124025.58756245101,0,1,2020-06-04,64,1,394,27,824,21,3,89,12,0,1,0,1,1,1,3,1,1,7
2da1968e-446e-4dbc-9a83-3031999630bf,1980,Basic,Together,49459.66846827599,1,1,2023-01-14,25,0,702,42,117,29,107,83,2,1,1,1,1,0,0,1,5,6,15
6fe1e091-5526-4baf-80fd-b173f11cb200,1984,2n Cycle,Widow,26543.075867031876,1,2,2023-06-11,24,1,307,168,611,190,114,40,2,1,0,1,0,1,1,5,7,11,21
22e587d9-5c78-4ad8-aa3a-215cb5b11335,1993,Basic,Single,107543.20315098109,1,2,2021-09-02,12,0,182,85,379,259,28,48,2,1,0,1,1,0,0,13,12,0,2
437d25cb-3b48-4ce8-afd8-72556a8a6a5f,1932,Graduation,Widow,98051.99854918376,1,1,2023-11-11,18,0,628,176,928,204,58,90,5,1,1,0,0,1,1,0,2,11,23
eab8cfb5-094d-47a5-8fdf-49fe357daa4d,1980,PhD,Divorced,132846.08189378743,1,1,2023-04-07,15,1,509,16,919,58,124,48,13,1,1,0,1,0,1,17,10,6,11
7b13b615-5154-430e-bd4f-a930ab982ec6,1936,2n Cycle,Divorced,112909.946132544,0,0,2022-01-19,27,1,545,97,678,470,97,75,7,1,1,0,1,1,0,6,14,4,24
b2ffd8cc-4d2f-4188-819d-c5cc876daa64,1950,Basic,Widow,122487.3302538788,0,0,2023-12-07,72,1,623,197,289,263,16,70,10,1,1,0,0,0,0,0,8,7,7
13138962-8663-4311-8677-1aa192448414,2002,Master,Widow,49484.84015998291,1,1,2021-08-11,60,0,593,97,439,465,106,2,6,0,1,1,1,1,0,0,14,3,12
b4a7ea3e-df3e-4311-944e-fb01a03916f9,1968,Graduation,Divorced,34841.53612916119,0,2,2022-08-27,145,0,743,64,667,11,42,9,13,0,1,0,0,1,0,0,11,14,3
1c21b51b-9d5e-4251-8859-fcfd79313116,1947,Master,Single,115086.06522972017,1,2,2021-06-01,93,1,1250,4,932,118,79,97,3,1,1,0,0,1,0,3,8,11,13
d59ed962-019c-46b9-8de0-31c0ea6623c0,1933,Graduation,Together,122956.86349741695,1,2,2023-05-11,53,1,1459,1,6,414,193,88,10,0,1,1,1,0,1,3,1,14,13
58d3418a-d3cc-46bb-b8f6-6fe986de655a,1989,Master,Divorced,148670.71988009426,0,2,2022-02-26,8,1,1445,21,195,461,161,34,11,0,0,1,1,0,1,17,7,9,12
345ab026-3320-4e97-83f6-939b6b84c318,1943,2n Cycle,Widow,67766.4747675997,0,0,2023-07-31,79,1,553,111,420,289,7,79,3,1,0,0,1,0,0,10,9,6,26
16a07ea8-ce4b-40c3-9291-f913acf86c4a,1938,Graduation,Married,62082.53201098964,0,1,2023-02-12,27,0,20,56,567,337,140,1,10,0,0,1,1,1,0,0,10,5,5
401c21c7-02ab-4533-b293-e7b463393301,1982,Master,Together,118697.81450387956,1,2,2021-11-22,50,1,553,65,832,247,105,23,9,1,1,0,0,0,0,9,11,4,16
ca7303cc-ff36-4e86-8dba-d3cf8404e6af,1931,2n Cycle,Married,57712.4956354225,0,0,2020-01-18,131,0,396,97,192,353,7,73,14,1,1,1,0,1,1,8,4,3,3
2ac3731a-d6e4-419f-95f9-d9bf39813f83,1989,2n Cycle,Divorced,140306.02558449906,1,2,2020-08-02,93,0,624,143,558,126,95,37,10,1,1,0,1,0,0,3,3,14,7
8ee53bfd-39b4-4d74-863b-03b4190d05ca,2000,Basic,Married,130177.78525802166,1,1,2022-04-07,24,1,104,124,147,74,93,21,10,1,0,0,0,0,0,5,9,6,16
1fe62973-4f4b-46a2-91fe-b7d3b5b806d3,1973,2n Cycle,Married,70059.16383250257,1,0,2020-07-28,60,1,191,166,786,360,64,25,13,1,1,0,0,0,1,15,4,11,2
4336704e-7b58-4cef-a44c-a2921cbc18a9,1937,Basic,Divorced,115121.94949080964,0,1,2022-11-28,122,1,16,85,668,203,170,42,10,0,0,0,1,0,1,1,3,4,16
2e0b8805-cc61-4999-b788-012d312839b0,1976,Basic,Married,115636.00237185553,0,1,2023-07-04,131,0,1143,75,201,48,38,54,1,1,1,0,0,1,1,17,7,4,8
fd47b175-4a21-4eb2-b7e2-53ff3135e3c4,1964,Basic,Single,24437.341637030564,1,0,2022-05-01,148,1,392,293,443,78,80,38,13,0,0,1,0,0,1,9,3,14,1
12035fc5-3bf3-4ff1-a9a1-3610191b75ad,1965,Basic,Widow,136357.40693513933,0,0,2020-06-21,46,1,424,58,913,440,186,90,0,1,0,0,1,0,0,16,12,0,24
5d3089c3-855b-4218-9d3f-84940d9a3ccb,1979,Master,Married,80735.3321427,0,0,2022-05-09,15,0,128,137,987,478,83,28,8,1,0,0,0,1,1,12,9,1,12
eec33539-507e-4a07-9f30-05a4ecf547a9,1933,Graduation,Married,125704.04525508382,0,0,2021-06-08,17,1,1153,98,418,240,87,19,11,1,1,0,1,1,1,17,11,4,19
e69fae8f-f610-4c6b-bbd4-2621ea56934e,1931,PhD,Together,54806.94414428565,1,0,2023-11-04,126,0,571,191,426,348,85,90,14,0,0,0,0,0,0,12,12,12,1
4a41d23a-8c31-40e9-9668-efdd63e92db0,1935,2n Cycle,Married,135373.25198946806,1,0,2021-06-18,84,1,28,242,478,153,92,40,11,1,1,0,1,0,0,16,13,2,19
3f3cdd9e-18ee-498e-9423-cad82ba6d171,1983,PhD,Divorced,64488.235022782836,0,0,2023-04-08,9,0,1120,48,474,273,85,53,1,1,1,1,0,1,0,4,5,13,27
bc7a4fb0-15e3-4c27-9575-f4f7cedd0eff,1933,Basic,Together,11517.27120724177,1,2,2020-02-16,63,1,1033,31,125,95,43,19,12,1,1,1,0,1,1,10,1,12,10
4a5a890e-2bc2-42c7-920b-c75d15203a03,1983,PhD,Divorced,136753.4766986969,0,1,2022-03-22,117,1,241,276,394,213,136,18,7,1,1,0,1,1,0,6,4,1,26
5144f272-301e-4492-9c3e-1b206d743c5e,1992,PhD,Single,22780.1347500587,0,0,2023-07-29,130,0,231,19,816,293,164,83,14,0,1,1,1,0,1,9,5,13,25
ed870091-7e9e-41d8-ba7d-7004fbf79f7b,1947,Basic,Divorced,54703.90926265808,0,2,2020-05-26,88,0,788,153,880,208,73,98,8,1,0,0,1,0,1,16,4,13,21
14f6eb2f-3d71-48d2-a175-a4276aa9e90c,1973,2n Cycle,Divorced,143008.6753871127,0,2,2021-04-03,72,1,1307,67,805,342,35,65,3,0,1,1,1,0,1,14,11,3,14
412c554f-aecb-4252-947b-6faf95ce74f7,1963,Master,Divorced,143085.00057125784,1,2,2022-01-31,139,0,714,213,575,87,100,29,7,1,1,1,0,1,0,17,1,3,10
d3ee502b-6646-4dc4-9b26-6192544a329c,2003,Master,Widow,90281.30433726005,1,1,2021-03-02,64,0,758,142,324,305,155,52,8,0,1,0,0,1,1,18,13,3,22
50bf4a9c-b53a-4d46-9aa9-b38a93fea8bf,1991,PhD,Widow,98457.20970377189,1,0,2023-08-12,72,0,801,231,391,263,169,33,9,0,1,1,0,1,0,1,6,3,2
ddee5fc5-2af2-4b7c-8007-ef0bae6cfef7,1943,2n Cycle,Single,72782.37307696477,0,2,2021-12-09,21,0,775,212,929,424,170,21,9,1,1,1,1,0,0,3,3,2,2
c0afd3fc-fdb4-46ce-8789-07f5c4af031a,1977,Graduation,Single,51049.508037729036,0,1,2021-07-15,18,1,725,78,687,389,169,66,4,1,0,0,0,1,0,2,7,12,27
5b8a08cf-569b-476d-b23c-3d13257d633e,1944,Graduation,Married,56013.036351788236,0,1,2020-07-02,64,1,199,213,627,324,103,5,12,0,0,0,0,0,1,6,6,11,25
fe2db55a-9b89-4d38-b1d7-cb1e5213a709,2001,Basic,Single,104152.58385078538,1,1,2022-02-26,82,0,944,115,439,427,65,78,13,1,1,1,1,1,1,17,6,6,11
16ec44e3-083f-49b5-a3e7-6651daea7ce1,1991,Graduation,Divorced,115332.4341212752,0,2,2020-02-27,110,0,78,91,203,376,54,26,6,1,0,1,1,0,1,9,8,8,23
1e80b242-a626-4f1f-bac5-8903cec9342c,1969,2n Cycle,Single,120821.06612161879,1,0,2021-04-21,95,0,955,269,485,319,199,9,9,1,0,1,0,0,0,6,0,11,4
64e8d7ca-c30d-4775-8d95-14f216ad2ccd,1982,2n Cycle,Married,120546.53999123754,1,2,2021-10-17,32,0,855,167,832,156,175,72,3,0,1,0,1,1,1,7,9,4,19
74a4f229-7f53-469b-b867-8f8594e9e366,1953,Basic,Married,22768.85442681665,1,2,2022-12-21,11,1,1196,57,30,155,90,96,0,1,0,1,0,0,1,5,5,3,6
91a1b202-069f-4fcc-970c-09e73b9a6ac8,1955,PhD,Single,79218.8426583614,1,0,2023-04-16,45,1,466,283,387,138,21,95,2,1,1,1,0,1,1,0,5,10,6
fa55fe6d-11ef-404b-ad0e-75ceb6b918ab,1989,Basic,Married,18058.226402330198,1,0,2021-09-05,33,0,580,25,624,120,100,47,4,1,0,1,1,0,1,3,5,1,12
0ebbda81-9f8c-45d2-aa12-6f4e670485cd,1970,Basic,Together,86934.04352532298,1,0,2023-07-02,102,0,1439,65,876,64,154,69,2,0,0,0,0,1,1,13,12,1,8
803ab381-ebfe-45b0-bc01-b46a4205acd0,1958,Master,Single,71814.27019227279,0,1,2023-09-05,136,0,939,247,433,106,120,58,11,1,0,0,1,1,0,16,11,4,24
2888f23c-41c1-433a-82f3-7c12106d0b6f,1944,Basic,Together,134278.58558616196,0,0,2020-11-28,11,1,448,253,836,146,92,99,12,0,1,0,1,0,0,19,5,6,20
e7f49890-4d99-465b-944e-d7ecd653306a,1974,2n Cycle,Single,59128.10175729101,1,2,2021-08-13,88,0,86,43,925,136,194,58,10,1,0,0,0,1,0,17,11,9,12
c432c00e-f2d4-422b-a992-ff97b62b460e,1994,Master,Divorced,26389.38229986482,1,0,2020-04-11,41,1,100,96,375,410,107,1,6,0,0,1,0,0,0,10,9,9,11
ef8c56e3-b785-4a90-a336-e4f159d9e234,2000,Master,Divorced,30018.83548739702,0,2,2021-10-01,145,0,1031,41,343,161,140,28,11,1,1,0,0,1,1,13,6,8,12
9a4a4f7d-1eb5-428a-aa51-b76cafdf1c80,1938,Graduation,Married,116611.48844044612,1,1,2021-04-19,76,1,844,226,442,427,172,67,8,1,1,1,1,1,0,8,13,12,23
65a1b0d4-9702-49ee-9198-40d4ddf6a362,1930,PhD,Widow,96550.52886427655,1,2,2020-11-20,121,0,1223,261,578,451,9,64,14,0,0,1,0,1,1,14,9,6,9
59d96ed5-e393-4f3d-ac72-4814f173445e,1937,Basic,Widow,24157.174657190633,0,2,2021-09-29,46,1,86,166,74,99,8,82,11,0,1,1,1,1,0,11,5,4,0
cd4f595a-e5af-40df-9325-4554fde1c679,1992,Graduation,Together,21774.95285609964,1,0,2022-10-25,80,0,42,278,556,337,181,25,5,0,0,1,1,0,0,9,0,9,24
0776f603-760a-4554-90d2-a49ff2986487,1940,2n Cycle,Together,108135.6784042768,1,0,2020-07-02,54,0,1408,88,771,398,154,88,12,1,0,0,0,1,0,18,2,9,7
35583eac-0aab-499a-83f2-6f211956632f,1937,Graduation,Together,20186.820890987095,1,2,2021-09-21,86,0,1458,177,665,306,33,9,9,1,1,0,1,1,1,18,1,9,21
02b754a2-f253-4af9-8a3b-eecd3f13120e,1964,PhD,Widow,125060.40830064987,0,0,2023-11-25,92,1,407,196,154,140,128,52,0,1,1,0,0,0,1,5,5,5,15
c984beb9-11a4-4241-94c3-b23c25055d1a,1964,2n Cycle,Single,108873.91180190947,0,1,2022-05-17,148,0,663,266,429,82,159,78,6,1,1,0,0,0,0,19,7,10,12
04c2fb36-1ded-4b0e-88f0-9bd1dd64f6e6,1962,Basic,Widow,21388.829289865967,0,1,2021-12-11,97,1,1040,267,362,176,88,58,14,0,0,0,0,0,1,5,2,11,2
e9d856fa-b5c2-4af2-b42c-6912c4254f20,1934,Basic,Divorced,21877.279971926866,1,0,2020-05-01,2,1,147,73,447,197,92,21,2,1,1,1,0,0,0,7,9,2,2
afcb8e8d-0f4d-4a9f-a346-d863821f0aae,1970,Basic,Married,148129.54099016456,1,1,2020-10-06,33,0,276,7,986,111,70,50,4,1,0,0,0,0,0,0,7,4,23
67530c7f-01ee-401d-bb53-23cf5a82aeda,1957,Basic,Single,62397.911405856845,0,0,2023-02-19,77,0,231,296,233,55,66,47,9,1,1,0,0,0,0,16,7,7,4
c625e091-23eb-478f-8251-52b764bfec9a,1936,Graduation,Widow,61889.900589364726,1,2,2020-01-28,116,0,365,163,562,459,147,20,3,1,0,0,0,1,1,16,4,0,25
86fd10dd-0dd9-4cba-9f8d-708a5c111f1a,2002,Basic,Together,123791.93941605036,1,2,2022-10-10,103,1,1251,84,817,178,116,21,9,1,1,0,1,0,0,14,7,11,10
f4e72f58-af91-47bb-9326-52f5ee186dec,2001,Graduation,Married,142614.8008337402,1,1,2022-07-23,103,0,435,71,261,420,93,99,4,1,0,1,0,1,0,6,5,0,29
c7656a80-f219-4b71-8b37-3e9311a68c1b,1941,Graduation,Single,148040.14893520193,1,0,2021-11-26,90,1,398,54,826,400,162,97,4,1,1,1,1,0,0,18,4,6,6
e48cc602-213c-4a6c-9e8e-9c5fff6715ae,1963,Graduation,Single,115472.94593625182,1,0,2020-01-05,122,1,1234,46,124,185,98,29,5,0,0,1,1,1,1,2,8,13,20
3eee0524-8e91-4462-a5bc-1fc85bf7dd72,1962,Basic,Divorced,62676.34197432821,0,1,2023-09-08,143,0,1414,237,910,470,112,24,13,1,1,1,1,1,0,10,13,4,23
442d6ddd-b258-4091-b352-a00c43d743cc,1977,Graduation,Together,21690.100337813627,1,2,2022-11-03,106,0,498,103,244,217,102,27,9,1,1,1,0,1,1,19,6,13,9
23b211f9-04ee-45e5-ac59-583937cf8258,1952,Graduation,Divorced,118800.56822984116,0,1,2023-09-03,119,0,539,209,541,412,90,64,11,1,0,0,1,0,0,18,7,4,9
750f6f10-6392-49db-9659-d823cec29df3,1991,PhD,Single,88176.5949630127,1,2,2023-10-07,49,0,562,41,937,416,89,44,9,1,1,1,1,0,1,8,0,0,19
c3a015d7-0340-489d-b4d2-56da8248cc17,1966,2n Cycle,Married,69391.08129457668,0,0,2021-11-30,104,0,441,267,484,315,16,67,12,0,0,1,0,0,0,9,10,8,1
3e4140ac-dc22-43f7-a314-55f73134e7ab,1973,2n Cycle,Together,136889.61391326302,1,2,2022-08-05,61,0,1284,262,121,474,17,6,12,0,0,1,0,0,0,1,1,0,2
8b176373-371e-43c0-b364-493289cbcc9a,1964,2n Cycle,Together,25567.64752286119,0,1,2021-01-22,123,1,772,258,124,216,172,48,10,0,1,0,1,1,1,0,7,4,7
72f9b839-d387-4176-8d0a-26c665aedb57,1994,Master,Together,78967.51460072029,1,0,2022-04-07,134,1,349,282,548,119,115,8,5,0,0,0,0,0,1,15,11,9,10
8af154d1-6b29-48a4-943e-b855a1e66d56,1976,Basic,Widow,11589.510267438669,0,1,2022-07-01,9,1,1375,113,169,438,92,35,7,0,1,1,0,1,0,17,8,8,12
6fe5beb8-3a0f-430e-b203-aadd151a8330,1932,PhD,Single,75612.48987917768,1,1,2020-01-14,6,0,519,39,123,393,180,82,7,0,1,0,0,1,1,16,3,13,6
a055947a-bdfe-4464-b90d-741512d8ff38,1930,2n Cycle,Married,17882.45859545723,0,2,2020-11-15,73,1,1343,219,868,174,90,0,10,1,0,0,0,0,0,5,11,14,12
26de2d6b-5979-45da-837f-f0d6b87ca04f,1934,Graduation,Married,26634.50827753007,1,1,2023-08-01,103,1,137,128,34,22,81,9,8,0,1,1,1,0,0,13,9,3,1
ab561b11-9fc4-4032-b0cf-9eee8f62796a,1943,Master,Married,26453.674548794683,0,2,2023-01-02,41,1,991,7,86,212,67,35,7,0,0,0,0,0,0,14,10,12,5
0e75c4fd-b4c7-4a2f-9141-25e3592da591,1956,Graduation,Together,100889.4422962489,0,0,2023-04-08,114,1,367,100,645,404,192,72,12,1,0,0,0,1,1,13,9,7,8
48b009b6-01c0-49f3-ba26-6c4c1c1ec32f,1938,2n Cycle,Single,114446.28309715926,1,2,2021-11-25,8,1,1243,175,707,234,113,45,10,0,1,0,0,0,0,2,13,5,19
bd72c7ad-e188-47e5-afb8-0d70400a11e4,1944,Basic,Together,91671.62711360234,1,0,2023-11-02,72,0,1360,106,785,12,0,31,1,1,1,1,1,1,1,18,8,10,24
e164036e-be90-4355-b80d-5aedec2a37c5,1971,Basic,Single,144704.15678643587,0,2,2020-11-04,92,0,1246,100,200,100,57,31,13,1,0,1,1,0,0,11,3,14,1
525c3ffc-0ec0-466d-a780-f4fd536e5e02,1980,Graduation,Widow,62481.881133318566,1,1,2021-04-25,62,1,359,259,368,416,153,5,13,0,0,1,0,1,1,1,9,2,17
4836fbc8-e128-417e-943f-2ef993429e2b,1992,PhD,Divorced,49999.6920794605,0,2,2020-03-23,84,1,920,245,796,23,108,47,11,1,1,0,0,0,1,2,9,3,15
3f249d04-1d9a-41e3-bacd-2372e57a90e6,1981,Master,Married,131603.87794652444,0,2,2021-10-18,62,1,328,274,76,363,147,37,9,0,1,1,1,0,0,17,9,1,24
799bcc94-e695-47e9-965d-78c0232086ca,1933,Master,Single,41303.417392723364,0,0,2021-03-24,111,0,961,31,58,10,115,16,11,0,1,0,0,1,1,0,8,0,11
ea2f93d2-1da2-40c4-a904-6ffcf21eeba6,1952,Master,Widow,144851.15552168558,1,1,2023-01-06,127,0,462,136,430,272,86,73,10,1,1,0,0,0,0,19,10,12,6
147dfcf2-3002-468b-baf3-fa2c7f23884e,1944,Master,Divorced,11701.626456574288,0,2,2023-12-06,7,1,945,11,637,451,9,26,14,1,0,0,1,0,0,5,6,13,6
7a797e62-cb5f-48c5-bbdb-e073bf169e99,1972,Basic,Together,145783.03573906946,0,1,2023-02-03,84,0,962,15,499,430,58,53,0,0,1,1,0,0,0,4,1,7,16
5bcf39cd-925b-4880-8001-238a1fd6ecb9,1958,Graduation,Single,16042.387673080655,1,2,2022-07-02,132,0,1405,128,912,280,40,49,9,1,0,1,0,0,0,0,8,0,12
f45d0698-9f19-4071-be3e-31c189f4360d,1965,2n Cycle,Together,134760.03591772995,1,2,2022-03-02,134,1,835,62,108,93,104,34,1,1,0,1,1,0,0,18,3,13,10
bab8ebae-19bb-4a2a-a19b-2c88f0ce6182,1942,PhD,Divorced,83878.15527208197,1,1,2020-06-05,58,0,168,108,735,200,132,84,1,0,1,1,1,0,1,0,7,12,5
59058cab-9263-4635-ab5a-86467d02eaac,1961,Master,Married,149015.07145670205,1,2,2020-09-22,22,0,216,20,277,20,121,24,11,0,0,0,0,0,0,15,13,10,28
7edfd12b-1cf4-4951-be86-877eec7fb122,2000,Master,Widow,20331.519062955842,0,1,2022-12-06,127,1,377,157,67,339,192,27,2,1,1,1,1,1,1,11,6,0,22
860b9d84-c225-4f0a-b629-b0210cd62e1a,1988,Graduation,Divorced,87539.59981618491,0,2,2020-08-15,3,0,118,268,68,466,144,14,9,0,0,0,0,1,1,7,12,3,26
e3844f4c-541f-4cc5-a1ff-1fe57535db1d,1957,Basic,Married,145702.35498667386,0,0,2023-07-28,127,0,189,161,164,210,21,3,6,0,1,1,0,0,0,15,14,9,13
98f2c900-0a4d-40e5-88f7-e473a95e6a8c,1995,Basic,Widow,83233.69818382083,0,1,2020-05-04,41,1,766,259,488,139,97,92,1,0,0,1,0,0,1,0,6,11,5
7f1355a0-a53e-428f-b985-8c12a5c6cb2e,1971,PhD,Divorced,98115.80933893676,1,2,2020-04-24,106,0,369,101,304,292,168,72,13,0,0,1,1,0,0,3,7,9,5
f6395575-ca1b-434c-ba55-a18af6cacc64,1974,Graduation,Widow,107404.8164578464,0,2,2023-04-02,14,0,148,222,908,297,67,26,0,0,1,0,1,1,1,9,0,14,1
16c81f1a-c1e4-4e6a-ad6c-6ac9ccc7e233,1991,Graduation,Divorced,73635.74906748824,0,0,2021-07-31,12,1,651,58,673,400,196,25,13,0,1,0,0,1,1,10,4,5,21
32ee82ff-b982-4048-b277-e47248f5804d,1986,Master,Single,97858.13121176888,1,1,2021-04-27,87,1,769,246,364,100,138,18,5,0,0,0,0,0,1,16,1,8,19
5634ce87-4f8f-4c66-91db-784548a2aaec,1935,Master,Single,91804.00366923404,0,2,2020-08-01,12,1,373,127,853,303,55,91,8,1,0,0,1,1,0,6,1,0,24
295f3716-9b35-4128-87ae-0e0dd6f82720,1957,Master,Divorced,136162.12146873848,0,0,2021-04-10,141,0,780,282,820,358,178,16,14,0,1,0,1,0,1,11,14,6,14
adf35f46-dab3-4875-95e5-7b320a8051f2,1957,Master,Married,16362.493247804101,0,2,2020-03-13,25,1,159,24,378,27,148,42,2,1,0,1,1,0,0,6,0,9,27
ef22636c-d74a-40e8-b370-3355cdd0737c,1973,PhD,Single,49334.846542912244,0,1,2023-10-18,45,0,350,130,342,40,98,40,5,1,1,0,0,0,1,11,4,10,16
23f17730-d9eb-440c-b27e-6bb7c05dd228,1959,Graduation,Single,143057.60777071823,0,2,2022-10-10,122,1,1311,195,946,354,75,41,2,1,0,0,1,0,1,14,1,4,28
24ce682e-36b7-4112-a561-9f76b3b0810b,1991,Master,Widow,134636.9297447283,0,2,2020-11-01,147,0,1311,280,898,302,25,49,13,0,1,0,1,1,1,1,3,11,7
569467bc-6908-4d6f-af11-f1babc15764c,2004,Master,Divorced,73791.9453899998,1,2,2022-09-14,55,1,891,153,553,495,114,83,12,0,0,0,0,1,1,13,2,14,4
538314cc-d35e-4cb4-8c68-bd8b0b46e3c0,1991,2n Cycle,Married,96818.56369221515,1,2,2020-10-30,100,1,1249,132,353,145,146,39,0,1,1,1,0,0,0,12,2,7,16
c69e96f3-c417-47b5-b93d-c0ff8b7406e3,1930,2n Cycle,Divorced,48833.36561735858,0,0,2022-01-08,136,1,522,226,415,255,108,38,13,0,1,0,0,1,0,3,1,13,19
83f5b4a3-04d5-466e-8075-95e0e668077a,1956,Graduation,Single,36336.96236132659,0,0,2022-05-09,119,1,521,188,108,461,187,22,12,1,0,1,1,1,1,13,12,6,0
f36d104f-52c7-456a-af48-1b8839cf602e,1991,2n Cycle,Together,74917.77669159751,1,1,2020-01-14,53,0,782,264,562,226,198,95,11,0,1,1,0,0,1,13,5,3,21
437ff792-f824-4baf-acd0-5e63f9844724,1932,Graduation,Married,59469.311923647394,0,0,2020-02-03,32,1,272,133,761,235,46,51,4,0,0,1,0,1,0,15,1,3,17
eaaf6c78-487a-4822-bfd7-f0d2d4b93ffd,1999,PhD,Widow,91711.85565912208,0,0,2020-02-05,51,1,935,210,496,360,70,46,9,1,1,0,0,0,0,6,13,5,14
81c8acdb-b709-4104-ba53-70484585b6e5,2001,Basic,Married,20882.84917509788,0,1,2022-06-01,44,0,1425,59,340,379,153,62,13,1,1,1,0,0,0,18,13,5,4
9448fc64-e95f-43fb-98ec-5e47a3909b42,1956,PhD,Single,146415.27307326332,1,0,2021-04-14,82,1,182,212,941,454,39,96,12,1,1,0,1,0,0,1,7,8,6
478b88d2-cee0-4669-888b-2b0061fbb304,1938,Graduation,Single,148069.5042271444,0,0,2023-02-21,146,0,487,215,382,488,132,68,10,0,0,0,0,0,1,9,7,11,17
8365ed5a-f588-4a0d-a69d-56459fbc0d2a,1991,Basic,Divorced,107742.63996276433,1,1,2020-04-29,37,1,845,225,532,12,148,42,3,1,1,0,1,1,1,17,12,4,5
dfb7fa3e-61b5-480c-a50b-f2b01bdddbb1,1966,2n Cycle,Widow,85053.49128817685,0,1,2022-05-30,96,1,123,130,299,209,131,47,6,0,0,0,1,0,0,16,13,7,21
37c46d8d-04f8-420e-8d46-246e4ef11605,1980,Master,Widow,53333.86628008589,1,1,2020-07-29,56,1,984,75,138,228,22,33,5,0,1,0,1,1,0,4,11,4,20
c46a1e3c-00db-4cb6-93a2-d996ccd87cca,1973,Master,Divorced,123931.30275897282,1,2,2021-07-01,105,0,789,285,358,396,105,39,9,0,0,1,0,0,0,11,4,1,4
a1203b1e-3f0a-42c8-9aea-ce0eee5d1385,1953,PhD,Married,105862.3641575431,0,2,2021-05-10,59,1,413,276,835,99,83,74,6,1,0,1,1,0,0,5,9,14,29
a9011e71-c0da-4181-9664-7d6b32e427d5,1988,2n Cycle,Married,32766.37150828478,1,1,2023-11-16,131,1,1195,155,498,30,142,60,4,1,0,0,0,1,0,8,6,5,18
5f1d24af-adb8-47b5-ae1d-b18afeb885f0,1961,Graduation,Widow,137529.80582913794,0,1,2021-02-22,35,1,1311,247,384,385,115,49,14,1,1,1,0,0,0,19,3,8,9
87da495c-4275-4622-855a-d76c1306324f,1981,Basic,Married,125155.21400924366,1,1,2021-08-23,93,0,1458,217,603,15,108,66,14,0,0,0,0,1,1,0,0,12,14
0239cd78-db82-4c98-ac0a-6c7083f9c584,1991,2n Cycle,Together,142971.98786086935,0,2,2023-04-19,97,0,685,189,958,136,135,61,3,0,1,1,1,1,1,14,10,2,9
0bc70c41-1a60-41bb-bf79-625d363e2870,1987,Master,Widow,111600.73117437039,0,2,2023-12-11,135,1,112,162,279,328,40,57,6,1,0,1,0,0,1,5,1,0,26
1eefaf4d-75b0-40f7-8cf7-93a8a1483408,1981,Graduation,Divorced,95878.12743101058,1,0,2020-09-26,76,0,887,179,636,165,111,32,6,0,0,1,0,0,0,18,9,0,15
79f3cd24-1a99-43dd-afec-be9c5dbd140a,1941,2n Cycle,Single,68554.02508068664,0,0,2022-06-26,49,1,121,33,482,458,146,74,5,0,0,1,0,0,0,17,9,12,11
740b7d52-6c6d-4c83-b030-5e7e51fba0de,1968,PhD,Together,140581.98766956187,0,1,2023-01-21,94,1,1245,40,908,309,111,15,7,1,0,1,1,0,0,5,3,2,17
6833aa65-4979-49d9-b8f6-74b041c1c126,1931,Master,Together,131248.94453005717,1,2,2023-07-16,24,1,38,74,110,439,102,81,3,1,1,0,1,0,1,12,0,9,22
29555410-d521-42a1-9bb5-2180f6bc3bab,1932,Master,Together,16330.613814866516,0,2,2022-06-22,148,1,496,278,865,469,45,93,9,1,0,0,1,0,0,0,14,4,0
087f100c-680b-4273-b07f-94623d8828b2,1985,PhD,Divorced,13691.37642961528,0,2,2022-03-02,37,1,779,175,138,480,155,47,4,0,0,1,0,1,0,12,12,2,15
e897525c-708a-45b5-98d6-3d418cf9f0b2,1988,Graduation,Single,62704.87136292694,1,1,2022-03-03,4,1,1256,149,995,99,67,9,3,0,1,0,1,1,1,6,7,8,21
d7c61bf8-8dca-41e0-a216-25e614c43991,1931,Basic,Married,123477.4663094566,1,0,2021-11-14,108,1,942,272,434,108,121,81,11,0,0,1,0,0,0,14,8,7,5
32a321f7-4e03-433b-aa5e-aa0d9d973b96,1931,Master,Married,148218.65810409223,0,1,2021-06-28,126,0,148,107,508,342,14,37,0,0,0,0,0,1,1,11,3,2,2
e465c528-03e5-43e4-b768-1a2e6b61fd82,1983,Graduation,Married,31058.364754493945,0,0,2020-07-10,20,0,1420,138,272,172,164,18,11,0,0,1,1,1,1,0,9,8,1
6bd9a950-8dcb-4095-ad85-5fe71960a2c8,1930,PhD,Divorced,93178.30014929891,1,0,2021-12-20,50,0,1021,270,98,236,128,35,7,1,0,1,0,0,0,14,2,14,27
eeb1f5eb-5d46-4953-af70-f53c33f63528,1948,Basic,Married,63324.71992834301,1,1,2022-09-02,96,0,660,288,763,161,194,58,0,0,1,1,1,0,1,3,1,12,1
0c458cc0-91d8-4028-9989-6366ac41a68c,1931,Basic,Single,145788.01569404444,0,0,2020-05-08,105,0,301,211,849,392,110,62,4,0,1,0,0,1,0,12,4,5,29
1c4809d3-602a-4012-b3a6-6d26d76a604e,1982,Basic,Single,127896.64923899922,1,0,2020-08-06,117,0,1383,271,103,215,23,76,14,0,0,0,1,0,1,4,13,12,12
63d22b52-0a8e-4b46-831a-0a31de300c09,1973,Graduation,Together,127366.0186595593,0,2,2021-01-18,98,0,237,65,213,263,26,45,5,1,1,1,0,1,0,1,2,6,8
bb361e11-6e27-467d-8ef2-a5ee8efd0b18,1961,2n Cycle,Together,75617.04237129584,0,0,2022-01-06,66,1,646,247,760,262,39,2,5,1,1,1,0,0,1,0,9,3,15
4872e8b6-52a5-4efa-b1af-c4541adbbc7d,1999,PhD,Divorced,68074.73032727312,0,1,2021-01-24,79,1,662,155,663,291,190,73,12,1,0,0,0,1,0,15,6,3,26
c4352500-1345-4818-ac57-5765aa94e62c,1961,Basic,Married,48276.990070298874,0,1,2023-10-19,6,1,235,46,761,273,188,64,4,0,1,0,0,1,1,5,10,11,4
7df32605-76a2-478b-ae58-0920cf32f3b7,1997,PhD,Divorced,17892.569531129797,0,0,2020-08-16,39,1,202,200,786,2,163,90,2,1,0,0,0,1,1,15,5,12,22
d71eacac-abec-46a6-9acd-d6cd4df71f23,1984,Graduation,Divorced,131061.13267570746,1,2,2022-03-24,115,0,255,147,164,27,23,7,14,1,1,0,1,1,1,13,0,1,27
9e6a3dc5-0a31-46d4-ace7-219068528b2d,2004,Master,Married,123806.14127821085,1,2,2021-01-03,125,0,597,123,998,325,23,50,4,1,1,0,0,0,0,2,11,4,20
b35e7124-c666-46ac-9401-e39e8e8e1745,1985,2n Cycle,Together,149960.47426005828,1,0,2021-01-14,12,1,661,0,852,491,3,80,11,0,1,1,1,0,0,14,7,7,6
67fad4b6-eb2c-4c51-9688-d703487188c5,1946,Graduation,Widow,149529.15719034674,1,0,2023-03-18,131,1,234,246,519,427,66,72,7,1,0,0,1,1,1,2,1,6,12
4b3550a6-38b1-4589-abc5-c6eb4a56808f,1967,Graduation,Together,87760.43878436784,0,1,2022-03-03,18,0,1368,127,283,148,33,5,13,0,1,1,1,1,0,1,4,6,19
9f9d0b13-02e6-4b3b-bfb1-d0283e3c75c2,1953,2n Cycle,Widow,117658.23812527147,0,0,2023-11-15,40,1,533,190,516,27,184,88,1,0,0,1,0,0,1,0,8,5,23
dfab01d2-8c0f-43dd-b0eb-a26b7c1aa794,1998,2n Cycle,Divorced,142267.20218353992,0,2,2021-07-14,21,1,859,66,656,487,176,38,5,1,0,0,0,0,0,8,7,2,28
3b0847f1-b1b7-43ec-b22d-600e6837a8ac,1999,Master,Single,128950.6346948376,0,0,2021-03-12,143,1,1489,3,612,309,180,59,8,0,1,0,0,1,1,8,1,4,26
4632c564-544b-40c6-8cd6-22dfd166f743,1940,Graduation,Divorced,44628.73424404767,1,1,2020-01-23,99,1,769,293,163,437,115,27,7,1,0,1,1,1,0,6,8,12,29
9182b722-d615-47bd-ac5c-1a0938cbed3c,1945,Basic,Widow,73076.17894341309,0,1,2022-10-25,26,0,540,142,885,64,22,96,13,0,1,0,0,1,1,2,4,0,25
1d319f2c-a66f-4837-bc0f-566b939e0578,2002,Master,Widow,28082.318121209297,0,1,2020-01-10,8,1,212,190,658,355,108,53,10,1,0,1,0,1,1,17,9,6,12
6c532bcf-a676-42b8-b54c-ec1657280ed4,1988,PhD,Widow,143567.14381622113,1,1,2021-12-22,100,1,462,20,63,20,68,36,7,1,0,0,1,1,1,10,13,8,26
6c4c8dc6-8eaf-4e58-b6d0-2390bd4de975,1999,PhD,Together,94864.44882312321,1,1,2022-07-13,87,0,435,226,90,251,94,8,7,1,1,0,1,0,1,6,5,0,25
b16428f9-5705-47d3-b12b-c7e21d12e03c,1932,Master,Single,42009.99277048478,1,0,2023-09-02,42,0,282,116,116,234,180,81,14,0,1,0,1,1,0,8,12,12,6
ad917d08-beda-488e-934e-68ac153c008d,1949,PhD,Widow,104038.09581681994,1,0,2023-12-19,14,1,1486,141,865,226,61,55,12,1,1,1,1,0,1,0,2,1,9
326f4301-57d9-45d2-88a3-5158e90ee27f,1988,Graduation,Widow,96537.95366410541,0,0,2023-09-03,78,0,1430,38,266,12,168,58,6,0,1,0,1,0,0,13,12,2,14
56f15624-d79d-4d69-bbcf-1f2319b25c18,1965,Master,Married,60142.78052459767,0,0,2020-02-24,2,1,87,251,821,312,56,84,7,1,0,1,1,0,0,19,2,2,20
dc5e8bab-bb4a-4990-b5e6-ddabecbfc0eb,1948,2n Cycle,Together,25898.062907948064,1,1,2021-11-08,119,1,1067,206,684,48,187,1,12,0,0,0,0,1,1,5,9,7,26
8db8698c-3117-4cc4-8f72-bd57879426e1,1996,Basic,Married,104020.24738299195,0,2,2022-02-13,37,0,460,209,558,117,53,60,5,0,0,1,1,0,0,6,7,6,5
721c29d7-1956-4eb0-88c7-7fba5ce0dffb,1948,Basic,Single,82843.07812653107,0,0,2021-09-16,69,1,277,114,139,53,69,57,1,1,1,0,0,0,0,9,10,5,4
38b4efd3-293f-40b2-b6e6-85858f5591a4,1949,2n Cycle,Together,118124.5748429895,0,2,2020-08-24,41,1,420,224,245,137,100,59,1,1,0,1,0,0,0,6,9,14,22
156fab37-68d7-478a-b731-d7bb4830d7e1,2000,Basic,Together,82822.89015567908,1,0,2020-10-22,62,1,1376,133,660,52,56,39,7,1,1,1,0,0,1,1,9,9,27
832a980b-6471-4494-8073-3f1d1ea6d1d3,1981,PhD,Together,129305.41004459561,0,0,2020-11-30,60,1,695,250,757,43,137,35,10,1,0,1,1,1,0,3,14,9,1
cad5b5b1-1a06-4cee-be75-12be2809d2c8,1962,Master,Widow,87266.95742842798,1,2,2023-08-16,125,0,514,218,394,302,167,36,0,1,1,1,0,1,0,16,11,10,20
3fa0c62f-d231-40d3-b5d4-f4b837b1da1d,1969,PhD,Widow,88531.31601495408,0,1,2021-02-09,111,0,702,90,486,52,134,78,5,0,0,1,1,0,1,0,1,3,14
f4e73dab-a9ab-4642-9bb9-6f74e4776a41,1968,PhD,Together,132731.5043721683,0,0,2022-05-09,14,1,18,45,475,73,102,91,12,1,0,1,1,0,1,9,10,8,25
6ae4d30e-3584-4414-9e7d-db33cdd481e7,1930,Graduation,Together,66487.60126973558,0,0,2021-09-12,84,0,22,37,516,45,165,17,5,1,1,0,0,1,0,18,11,0,15
74c9d6c2-eb83-4dc2-8519-6b438826d8a1,1940,PhD,Married,28762.1319830897,1,0,2022-08-10,130,1,412,141,976,12,84,97,10,0,0,1,1,1,1,14,11,10,18
5d2c49d2-71e7-4d18-97c0-ab5986d41922,1986,Graduation,Single,14029.574683867457,0,2,2023-07-12,70,1,1053,99,183,164,60,62,3,1,1,1,0,1,0,9,1,14,8
9e336c36-19f3-4061-ba7e-fb907d50498b,1979,Basic,Divorced,115719.21579430666,1,1,2023-09-08,145,1,107,189,19,101,2,21,11,1,0,1,0,0,0,18,12,1,28
da3d795e-c007-4779-ad71-7b6049d60c7e,1952,Master,Single,96843.33718948506,1,2,2022-02-11,123,1,1390,34,936,279,127,10,10,0,0,0,1,1,0,11,4,14,21
50762363-1185-48d3-928a-c9159ce00665,1960,Graduation,Widow,108571.1675338913,1,2,2023-05-06,89,1,1304,146,557,257,178,57,12,1,1,0,0,0,1,15,5,13,28
46b1330c-5748-4e51-9b03-337802227196,1971,2n Cycle,Divorced,39814.9826112475,0,1,2020-10-10,28,0,1151,29,523,469,85,56,14,1,1,0,0,0,0,8,11,3,25
a8dc5ecd-9724-49d9-aa2a-b1a737f3e6e6,1936,Graduation,Together,29092.006582147766,0,2,2022-02-05,66,1,1252,83,581,336,46,76,10,1,0,1,0,1,1,14,1,2,18
ffc4661a-58c1-4c8f-bb31-26317aef3ce3,1945,PhD,Widow,12036.25319350347,0,1,2022-07-17,5,0,1134,280,528,355,195,3,12,0,0,0,1,0,1,16,14,0,6
0c1b953d-3afe-4a90-aacc-589e658a5b77,1989,PhD,Single,59082.258232923574,0,0,2020-03-30,45,0,135,269,882,397,75,85,9,1,0,0,0,1,0,13,4,4,3
e614ad39-a5f3-4f5b-b985-905a0bc67a54,1931,PhD,Together,92588.47615964864,1,1,2022-04-22,47,1,361,153,146,137,37,6,2,0,0,1,1,0,1,17,6,6,29
44c24870-8bba-4da6-acf0-eee0fd31d942,1930,Graduation,Married,64914.16631396252,1,0,2023-05-24,31,1,1209,101,665,162,163,60,12,1,0,1,1,1,1,1,9,1,2
66fb5319-1e6a-4ce5-8879-85c2ef2b79e2,1977,2n Cycle,Together,71246.48908332207,1,2,2023-05-02,139,1,128,214,303,408,168,53,10,0,0,0,0,0,1,3,9,4,23
d42ff3ec-2e7c-4b45-88c1-76f2f26720e6,1941,2n Cycle,Widow,136582.2172291248,0,2,2022-06-15,10,1,1284,149,619,386,196,87,2,1,1,1,0,0,1,17,7,5,28
929ca3d1-c858-442e-82d3-784671f8cc28,1998,Basic,Divorced,58755.76538326205,1,0,2022-08-19,118,1,514,82,747,110,140,67,14,0,1,1,1,1,1,6,11,10,19
f524ddb2-ba0d-483a-9e64-c41a578afdff,1966,2n Cycle,Together,81958.52848237351,0,2,2022-03-13,14,0,448,109,819,101,86,91,14,0,1,1,1,1,0,12,6,6,10
2cd44cf4-a2d2-4a67-bcf0-983576d37095,1961,Master,Married,119711.42178376003,1,1,2021-02-11,80,1,1127,274,863,16,57,78,12,0,0,1,0,1,1,14,7,0,0
64da9283-4dfd-4547-9024-dd204179fba1,1938,Graduation,Married,65515.98952497782,0,0,2020-06-09,93,1,1247,200,581,267,49,0,12,0,0,0,0,1,0,0,13,6,5
c64495b7-87c9-4fdd-983f-be3da762b22b,1948,Graduation,Single,97092.13803190229,0,2,2020-04-03,10,0,873,283,694,181,29,54,0,0,0,1,1,0,0,10,11,3,25
06b3d9fb-ca49-48fa-ba78-2561f61da391,1977,Master,Single,130730.91922454433,1,0,2021-01-22,76,0,472,172,761,371,189,2,2,0,1,0,1,1,0,9,8,7,10
ad702a49-2b5e-466d-abf2-5b1a5e98fd21,1932,PhD,Married,142932.88731206988,1,1,2021-12-01,94,1,1033,205,227,23,100,77,3,1,1,0,1,1,0,4,14,12,26
88ea9ed0-21ea-4373-a9ac-4af4835eb87a,1949,Basic,Divorced,30590.287330065312,1,1,2023-01-17,105,0,1428,62,101,28,24,37,10,1,0,0,1,0,0,15,4,3,0
ca282838-783c-4398-b99f-f6925a2a8c07,1953,Graduation,Divorced,139722.2675226092,1,2,2023-06-11,1,1,301,72,586,170,111,0,10,0,0,0,1,1,0,10,12,5,20
ec558d1e-9646-491f-beb3-b98019de5d59,1983,Master,Together,78896.28103113535,0,1,2021-05-02,133,0,230,250,416,408,154,37,4,0,1,1,0,1,1,5,4,8,6
deb04cb3-8dfd-4f1b-877d-9a748293a7fb,1962,Basic,Widow,46154.21436185417,1,0,2020-04-12,20,0,922,123,957,227,178,84,2,0,1,1,1,0,1,8,10,4,5
900685cb-b96e-4ce6-8bc6-69b85a059c01,1953,PhD,Divorced,74279.00587335658,1,1,2023-11-08,8,1,1089,120,215,377,184,28,5,0,1,1,1,1,1,12,9,13,13
afc1e93f-d26c-426a-becb-1646af648e02,2004,Basic,Single,147204.5605399668,1,0,2021-04-03,1,0,936,274,406,187,125,4,10,1,0,0,0,1,0,7,3,11,1
68e27a49-cee2-4b63-8884-14fb6c07c52f,2001,Master,Single,78966.53315900174,0,0,2021-05-01,57,0,111,119,398,345,122,73,13,0,0,0,0,1,1,13,12,3,26
a84019e6-78de-485b-a5a2-6757f0aabe8b,1965,2n Cycle,Widow,56025.225440251146,0,1,2022-06-26,64,0,1036,163,922,229,46,91,14,1,0,0,1,1,1,0,8,7,3
7f8c0b5a-81f6-4d86-a603-57de403acd88,1967,PhD,Divorced,98676.11960434161,1,2,2021-02-18,118,0,1416,285,714,320,117,20,11,1,1,1,1,1,1,16,4,12,10
5ff4244b-a11a-493e-ac18-3ea39845329e,1954,Master,Single,43620.38662894703,0,1,2020-11-05,28,0,499,264,703,339,38,70,4,0,1,0,0,1,0,4,13,8,14
0a6075da-2455-43b7-b1bd-1283c27656b4,1947,Basic,Widow,20620.865935212947,1,0,2020-10-13,121,0,931,160,760,118,15,66,2,0,0,1,1,0,1,1,1,3,17
7488460b-23bc-4f87-90ad-6e69654e744f,1995,Master,Together,28043.16106749089,0,0,2022-04-20,107,1,597,88,498,155,21,46,5,1,0,1,1,1,0,8,14,2,26
ff1a199e-7999-4a4b-a7a3-cc032c363603,1983,PhD,Divorced,27926.417454088143,0,1,2020-09-18,49,1,233,141,753,271,53,83,5,1,1,1,0,0,1,3,9,7,0
e513e2d7-5064-4dc0-b979-df68d3b66281,1964,Graduation,Widow,31266.37709172121,0,2,2020-08-13,120,0,601,202,464,174,148,82,14,0,0,1,1,0,0,16,7,13,2
d0724a01-188f-4445-b6f9-77c1a262290c,1990,PhD,Divorced,29435.804170917418,0,2,2022-08-16,44,1,313,226,690,464,199,34,13,0,1,0,0,0,0,16,14,4,2
aafa2958-aceb-49a1-ae34-89e464875339,1970,2n Cycle,Divorced,99722.46427245004,1,0,2023-09-04,56,1,565,221,948,103,15,67,7,0,1,1,0,0,0,17,6,1,27
89446e95-a473-4a59-8873-be13edaddf94,1962,PhD,Single,35463.21181588028,1,0,2020-07-13,111,1,1035,40,973,91,58,68,1,1,0,0,0,1,1,15,7,9,6
a13fa0f1-d605-423c-9d27-7abe6cd29150,1997,PhD,Widow,58393.41966534085,1,2,2020-08-10,134,0,208,195,730,185,30,0,0,1,1,1,0,1,1,7,11,8,0
58b30d74-f9e6-48fd-9c91-f1e42d897d47,1962,PhD,Widow,135550.37738684166,0,1,2021-11-19,108,1,1037,67,81,459,169,67,3,0,0,0,1,1,0,10,2,2,24
2c86bdea-d818-49c7-a873-2617442735a1,1943,PhD,Divorced,76354.62963680213,1,0,2022-05-12,148,0,1441,263,603,282,31,11,6,1,1,0,0,0,1,17,14,11,10
5fb5b1a7-c969-4835-8e6e-b976848a9b4f,1950,Graduation,Widow,103458.08339294381,1,0,2020-12-08,114,1,1460,1,946,180,186,59,14,1,1,1,1,1,0,9,14,1,5
287559cf-4c4b-4cb6-88c3-44b37f2bba56,1977,2n Cycle,Together,34124.78196822818,1,2,2023-09-06,78,0,1400,124,686,169,161,26,10,0,0,1,1,1,0,12,3,0,19
82d07056-0492-40ad-bb16-e7cca33001ec,1949,PhD,Widow,36920.46263321391,0,1,2023-06-27,130,0,1043,109,750,186,8,55,9,0,1,1,1,1,1,16,4,13,2
07e450fd-264a-41be-93c8-e953d24b66eb,1937,2n Cycle,Married,15721.60627730704,0,2,2020-11-26,37,1,586,85,771,174,138,22,2,1,0,0,1,0,1,17,5,7,18
c152dbdd-a730-4ad8-a89a-1eb1b21f5e45,1936,Graduation,Single,33650.908830103035,0,1,2021-06-04,20,1,1014,119,902,221,9,24,2,1,0,1,1,0,1,9,0,10,1
6310cf40-d58c-4b89-8446-eadadba56387,1996,2n Cycle,Single,49002.647464474205,1,1,2021-05-28,26,0,1093,126,364,232,16,20,4,0,1,1,0,1,0,15,3,2,17
f944b827-62d2-4789-92f4-fa08a30c6ff5,1946,2n Cycle,Divorced,34781.467798744554,1,1,2021-08-11,29,1,1234,254,162,161,67,60,4,0,0,0,0,0,0,19,10,6,29
5fb4b4ee-5032-4f60-9e13-445ee13ec063,1962,Basic,Married,22418.354725987785,1,0,2023-10-16,1,1,1124,182,47,420,47,62,12,0,0,1,0,0,1,4,11,0,11
5f871afe-1720-4fa5-b4b1-5a87a8cdae2b,1977,Basic,Single,26889.021954084114,0,2,2022-06-19,119,1,697,15,510,133,179,51,9,0,0,0,0,1,0,12,9,0,28
71702138-1265-4a22-b3ae-6e84a167c2f7,1988,Graduation,Single,74509.02752458162,0,2,2021-12-07,35,0,131,61,328,390,110,87,2,0,0,1,1,0,1,17,12,14,9
403c674a-8cf2-4b08-b985-7b73cf836b8b,1951,Graduation,Together,38886.720576810956,1,1,2023-05-26,59,0,1404,157,839,479,152,24,8,1,0,0,0,0,0,16,4,11,4
8499805e-46bb-4762-8e5c-263e2f025a2d,1959,PhD,Widow,60997.780546730566,0,0,2021-05-09,69,1,1155,267,115,223,122,54,3,1,0,0,1,1,1,8,6,8,8
d6d8e10f-f538-4f99-895d-f7f0f2669aa6,1967,Master,Widow,80478.41791967997,0,0,2022-10-13,12,1,1043,34,940,152,148,45,12,1,1,1,1,0,1,13,12,14,1
d949fb9e-71e2-41e2-afda-0626eb3e90bc,1980,2n Cycle,Together,106655.27600811115,0,2,2021-02-14,20,1,535,266,848,32,100,31,12,1,0,0,0,0,0,16,4,11,1
841d1e45-2551-4881-8145-facda0816e91,1983,Basic,Single,15503.69957775385,0,0,2021-01-18,43,0,1013,63,336,54,101,54,14,0,1,1,0,0,1,3,12,7,27
7be6e73c-bd4d-490b-bd8d-5c40111acb57,1937,PhD,Divorced,121917.45584726597,1,0,2022-04-25,126,0,226,49,880,441,64,95,2,0,1,1,0,0,1,17,12,11,5
0c4ea700-aa95-4164-8d71-929e2313230c,1956,2n Cycle,Married,97906.05452872708,0,1,2020-12-07,50,1,1177,254,736,6,190,4,10,0,0,0,0,0,0,19,0,12,28
4964e3c0-760b-4492-bfb8-5a03e132716e,1956,2n Cycle,Widow,21446.264472842067,0,0,2020-09-04,29,1,1492,148,863,243,50,35,1,1,1,1,1,0,1,14,10,2,9
bd402aa7-e2e2-449f-be69-c2ff6b8ec9a8,1950,Master,Divorced,132301.00737494882,0,1,2023-02-24,39,1,821,275,839,312,35,48,9,1,1,0,1,0,0,10,6,5,17
a716e35e-8de1-4fac-9156-da8af7613093,1959,PhD,Married,138922.13607445383,0,2,2023-05-23,38,1,870,171,146,125,80,57,12,1,0,0,0,0,1,11,7,10,11
38b55754-2827-4c3a-9e3a-2e9ea304599a,1957,Basic,Together,18550.914379680926,1,0,2022-03-16,84,1,404,200,574,11,126,38,10,0,0,0,1,1,0,8,12,2,3
1c951c2f-82e3-493f-8994-e5918cd9f7d1,1993,PhD,Widow,48762.87074060852,1,2,2022-11-29,128,1,201,34,805,15,87,79,8,1,0,0,1,1,1,12,6,12,21
91986346-129f-4f4a-baca-91304ba93770,1998,2n Cycle,Together,122868.17917102859,0,2,2021-07-21,126,0,37,215,322,207,193,96,3,0,1,0,1,1,1,14,10,11,20
688efa95-27f3-453e-be0c-00d9561c5d2c,1990,2n Cycle,Divorced,114756.35665371217,0,0,2020-05-22,45,1,941,64,442,42,103,84,2,0,1,0,0,1,1,14,13,3,16
51836759-cbb6-4e14-b628-f044dfc949b1,1977,Basic,Divorced,35832.94270989283,0,0,2020-09-10,52,0,187,7,836,372,14,60,6,0,0,0,1,0,1,4,12,0,14
40a12930-2ef8-45b9-b034-2ac5c92b6ba9,1948,Graduation,Single,39308.905267139446,0,2,2021-07-20,80,1,1080,75,12,483,95,8,7,0,0,0,0,1,0,18,14,4,5
9b8d2d78-580b-4255-9ee7-054d2b657499,1933,PhD,Single,61866.09439079348,0,0,2022-05-01,124,1,940,173,942,460,166,5,10,0,1,1,0,1,0,19,3,0,15
4546c1b1-4559-4030-95f6-a0371fbc3493,1964,Master,Married,77833.21792674299,0,1,2020-10-04,119,0,1043,46,493,134,122,34,13,0,1,1,1,0,0,13,7,12,16
8657eb73-6865-400e-8684-f9b1318f8d9d,1993,2n Cycle,Together,96555.66801424144,1,1,2022-07-19,8,0,272,14,700,227,197,38,1,1,1,0,1,0,0,16,14,0,2
822f8fd7-848e-4728-a98b-1527f4761641,1978,Master,Single,61647.90953976814,0,0,2021-08-24,85,0,1142,146,286,110,0,21,6,0,1,1,0,0,0,17,4,9,9
e8acdf98-6fb9-492e-b824-80fdad2e95f1,1946,Basic,Divorced,74754.8602586407,1,2,2022-08-16,129,0,582,25,719,306,150,40,11,0,0,1,1,0,0,2,9,14,4
d8837fa7-db3d-4b4a-8364-67e9901a3187,1973,Graduation,Together,114645.93133872592,1,0,2021-08-26,8,1,515,92,113,456,121,4,4,1,1,1,1,0,0,1,8,10,13
60183088-7af4-4363-a808-435a7b1f9dc2,1959,2n Cycle,Single,15135.648404683707,0,0,2023-06-10,96,0,1244,231,479,159,166,41,14,0,1,1,0,1,1,0,11,10,25
abb3d387-f397-4b57-b614-4da6346f3fdc,1975,Master,Married,45341.172208162905,1,2,2020-07-31,102,1,525,20,21,330,125,86,10,1,1,1,0,0,1,9,11,13,28
d3827c49-ed20-4dee-a210-04c06f9cdd6b,1935,Basic,Single,109868.94202383734,1,2,2020-02-02,5,0,335,37,348,263,56,80,4,1,1,1,0,1,1,18,9,6,20
8187f7f1-3763-407a-b64e-5aa476dc9949,1966,2n Cycle,Divorced,135328.95727620792,1,1,2023-05-16,86,1,697,275,725,224,80,75,2,1,0,0,0,1,1,16,4,11,12
c47903ad-3d0f-4951-ba07-dc0d95e9d07a,1953,Graduation,Single,81634.84189619326,1,2,2020-06-13,34,1,1078,156,682,470,161,86,4,0,0,1,1,0,0,11,0,5,25
bf8c4246-789b-4806-9e3d-4ece366d2e58,1975,2n Cycle,Widow,84495.88793714419,1,1,2021-06-28,55,1,499,178,834,216,168,79,11,0,1,1,1,1,0,0,11,1,5
6f1aa10c-57d3-4dd0-bef9-9e48839c075f,1982,Master,Divorced,25004.081587568646,1,2,2023-10-31,119,1,899,131,565,455,72,66,1,1,1,1,0,1,0,11,8,13,11
9695e615-089b-4eb3-aca2-565422ae9169,1989,PhD,Married,72637.73135528364,0,0,2021-06-19,114,1,765,27,905,44,140,29,3,0,0,1,0,0,1,16,11,10,25
93ada300-c435-4369-bde8-56fec65c9a8c,1992,Master,Widow,84566.41730370325,1,1,2023-05-10,145,1,535,259,809,213,69,56,5,0,0,0,0,1,0,2,4,11,7
9068fc89-d7fb-49c0-9d2c-b0dadf040b8e,1961,2n Cycle,Married,43945.87050886215,1,1,2020-07-27,26,0,161,75,319,58,5,85,0,1,1,0,1,1,1,10,5,1,4
adc6f52e-9c00-45d2-8667-01e873115979,1962,Master,Single,47694.052332913336,1,1,2020-02-11,136,1,593,66,125,131,83,72,9,1,1,0,0,1,0,16,3,10,29
8368cf19-6f3e-4d9c-b406-8787426ccbf6,1996,Graduation,Divorced,62819.78283464717,0,0,2021-04-09,47,0,158,193,276,103,51,28,3,0,0,0,1,0,0,2,5,6,14
2833fb45-8ebf-4815-831d-05601a1e0f28,1947,Master,Married,12809.967688881692,1,0,2020-10-06,113,0,1211,161,975,194,2,36,5,1,0,1,0,0,0,7,11,0,26
655170f2-a52e-465b-bb65-b990b32f24e6,1954,Master,Widow,55091.08318164496,0,0,2021-03-09,76,1,59,256,203,412,80,86,8,1,0,0,0,0,0,19,7,12,15
1b1995a2-f846-4e73-ac5a-3c0b5b3779c4,1983,Master,Widow,39602.72097951625,1,0,2023-06-08,72,0,914,71,193,488,62,12,13,1,0,0,0,1,1,3,2,1,0
8b0d9300-fc5a-4d06-929b-d550202f4163,1987,2n Cycle,Divorced,55849.62930490805,0,0,2021-03-30,89,1,1342,86,680,156,48,31,10,0,0,0,1,0,1,6,4,11,15
783af97a-69cc-4af5-b523-6bd21b9dd278,1996,2n Cycle,Divorced,26766.69845469517,0,1,2023-03-04,46,0,210,261,663,97,75,45,10,0,0,0,1,1,0,13,1,7,4
b6bea727-81f8-43e8-9ba2-b413d6edf78e,1975,Basic,Together,134673.81930358527,1,0,2023-04-11,33,1,405,213,546,225,111,22,12,0,1,1,1,0,1,13,13,5,2
c8652745-e8c2-49a6-b56e-e31dca19d646,1953,PhD,Married,93102.94349756681,1,1,2020-10-12,1,0,663,152,695,411,174,44,1,1,0,0,0,1,0,3,1,14,19
07ef8135-7a3a-4985-895d-b189bfcb0e85,1961,Graduation,Divorced,105074.32468022854,0,0,2023-02-24,147,1,1132,209,285,204,108,16,10,0,0,1,1,0,0,15,12,13,14
27341f0b-a818-4f4a-b1db-64fc74ac641a,1976,PhD,Divorced,120483.97340502735,1,2,2022-04-06,31,1,1099,60,56,78,182,84,6,1,0,0,1,0,0,0,6,1,12
4b25cf8a-ae4c-4db1-904d-b03bd4dbcbce,1952,Basic,Together,79781.90785006802,0,1,2022-11-05,142,1,541,267,733,123,191,65,5,0,0,1,0,1,0,16,9,6,23
a7481215-ae21-4535-bb25-68108150ac47,1995,Basic,Widow,22168.840332239317,0,2,2020-04-20,53,1,1337,261,302,470,64,5,1,0,1,1,0,0,1,9,12,3,15
898a422a-1fad-4e55-8232-5012e2bcb104,1956,Graduation,Single,85194.9158545967,0,1,2021-08-17,48,0,997,217,162,427,80,17,7,1,1,0,1,1,0,15,9,1,22
21c6d597-962d-4ce9-ba92-a97be5e45668,1931,Master,Divorced,92157.75652292308,0,2,2021-03-19,69,1,1140,282,18,217,194,93,6,0,0,0,1,0,0,15,13,11,10
ac2d6b8d-db53-4e8a-9f86-d26d137fd915,1946,PhD,Divorced,114361.5263858062,0,0,2020-01-26,105,0,926,135,369,3,14,21,10,1,1,0,1,0,1,7,10,5,20
6523b955-cb2e-4022-a7c8-9ec923aa4757,1962,2n Cycle,Widow,70432.33647215512,1,0,2020-12-01,90,0,867,92,263,89,99,32,4,0,1,0,1,1,0,6,9,10,1
75219e5a-7a24-4bba-a349-1aba6c0eeb52,1938,2n Cycle,Married,27861.242391378928,0,0,2023-06-16,63,0,18,108,793,103,31,29,11,0,1,1,0,1,1,5,5,14,21
1782c801-720c-4b86-8b40-25c2a2e43269,1972,PhD,Single,49728.62681182143,0,1,2021-04-22,73,1,431,240,112,392,95,80,4,1,1,1,0,1,0,15,3,8,26
63665662-fac8-425b-aa4d-64bed7d9a018,1977,PhD,Married,60831.52149580891,1,2,2022-12-25,89,0,739,141,487,118,127,31,6,1,1,0,0,0,0,19,4,10,5
41d8d8f7-c670-4e6f-9d63-79633630b818,1968,2n Cycle,Together,100428.41378642416,0,0,2020-02-16,13,0,1373,290,326,132,195,41,8,1,1,0,1,1,0,15,0,8,25
0e5e6b32-66ba-41cb-83aa-6cdeb9453e92,1971,Graduation,Single,89908.96265364766,1,2,2022-08-08,73,0,182,236,541,311,145,77,10,0,0,1,1,0,0,6,6,13,25
86b4e903-e761-46f0-9dc2-77505476d2d4,1955,Master,Single,59853.541625698475,1,2,2020-02-22,77,1,112,176,646,95,112,9,14,0,0,0,0,1,0,8,7,7,29
22c37ff8-3b8c-40ed-a11f-b278177a97c5,1979,PhD,Together,148112.13483101715,1,0,2023-04-08,68,1,1206,140,578,467,82,35,8,0,0,1,0,1,0,13,8,14,26
6666ae7c-bcfe-43ef-bc58-4e492d9b954f,1954,PhD,Divorced,94808.4747099642,0,0,2020-08-28,98,0,480,188,64,433,42,33,8,1,0,0,1,1,1,10,7,2,5
f715175c-e1ac-46b2-9312-b7264843e5d6,1953,Basic,Divorced,43211.750843039226,0,2,2021-07-17,125,1,1169,48,291,330,115,72,5,1,0,1,1,1,0,13,4,2,13
df94dee5-6ac2-40b3-976b-1763668d4333,1942,2n Cycle,Together,24249.546166856526,0,0,2023-01-20,102,1,830,189,24,142,162,27,9,1,1,1,0,1,1,6,2,1,24
61dca8a9-ad12-41ec-9c68-369cc39b0b40,1989,PhD,Widow,31400.279485806484,1,0,2022-03-31,132,0,1136,135,548,287,77,10,5,0,0,1,0,1,1,0,9,4,10
d9d15d7e-ae76-4ae3-9fd3-dd2a30bb31bd,1936,Basic,Together,44434.08197383114,0,0,2022-01-31,102,0,762,42,0,27,57,77,2,0,0,1,0,0,0,12,10,13,7
7377219c-ebcf-4d54-afc6-f91061caf19d,1986,PhD,Married,32495.392256337793,1,1,2021-07-22,19,1,475,89,910,277,32,38,0,1,1,1,1,1,1,19,8,11,7
111947ec-917f-49b2-bf57-ce4199c178ea,1965,PhD,Single,36119.3833671828,0,2,2022-01-05,82,0,762,294,548,232,13,46,6,0,1,0,1,0,0,2,14,13,0
5d655c79-0378-41f0-b17a-f39c28b1bfe8,1974,Master,Divorced,49913.323617138594,1,2,2020-11-21,141,1,1326,244,140,16,161,18,3,1,0,1,1,1,1,19,5,3,20
3be16f12-e95a-40e4-bd8b-f5c600e4626b,1949,Graduation,Widow,34272.30334126568,0,1,2020-01-08,23,1,970,191,743,58,188,14,0,0,1,0,1,1,0,3,14,6,6
44149488-6ea3-4396-8561-f507e37ec98d,1994,Graduation,Single,135547.15944769952,0,2,2021-02-05,83,1,1019,105,647,89,131,27,14,0,1,1,1,1,1,10,4,3,5
9fc3b5b2-42db-4251-bedc-f721afba958b,1937,Graduation,Widow,21232.72439262991,0,0,2022-04-26,109,1,1141,232,900,491,58,23,7,1,1,1,1,0,1,1,12,8,20
22639b8f-745b-4662-be06-4c7ba1e37f19,1945,Basic,Married,83431.59453983566,1,2,2021-01-07,75,1,160,264,187,198,156,71,11,0,1,0,0,0,0,13,2,11,7
a3f27f02-6313-40a1-be26-a293106f9722,1943,Basic,Divorced,67455.5557785526,1,0,2023-02-17,129,1,400,36,127,361,82,8,5,0,0,0,0,1,1,11,5,11,18
d4b80bcd-9313-44f5-bb40-c9f3a34bc9aa,1944,Graduation,Together,147533.0063672049,0,1,2020-05-20,88,0,197,40,200,440,133,46,5,1,1,0,1,0,0,16,2,1,21
62952f4c-333b-4c2b-b548-64ead538649e,1995,Basic,Married,25685.44630352733,0,0,2023-03-12,54,0,1283,16,126,25,120,32,1,1,0,0,0,1,0,11,9,10,20
47833e84-fbb0-4b36-bbf7-9d856c054cf6,1961,Basic,Divorced,65699.78386640383,1,2,2023-06-17,89,1,659,276,256,24,176,61,14,0,0,1,1,1,0,11,11,13,23
32753d17-e88d-4093-97de-f1160ae9c7f0,1992,Basic,Married,145725.86065855165,1,2,2023-02-23,143,1,1070,58,675,393,167,96,0,1,1,0,0,0,0,0,5,5,19
b51897f1-5e8b-4b19-960f-a49101c54ba2,1980,PhD,Divorced,131170.99762515724,1,2,2021-10-18,65,1,398,182,546,300,82,18,12,0,1,1,1,0,0,12,3,14,7
7e9203c9-d856-46a6-9e1a-ee1b1f037778,1954,PhD,Together,124390.0899328992,0,1,2023-06-21,76,0,77,40,193,338,192,66,13,1,1,0,0,0,1,13,14,6,25
bdd9c98f-b1ee-4eba-a9e9-f397658e7393,1987,PhD,Widow,46106.39578629158,1,1,2022-05-01,143,1,123,38,702,266,196,73,13,0,0,0,0,0,1,1,1,3,13
43e91d0d-c44b-4ed2-af82-dc0262b3de36,1992,Graduation,Married,33924.26223460921,0,2,2021-04-25,149,0,74,191,103,460,26,39,1,0,1,1,1,1,1,11,7,12,17
14f09909-7238-4732-bb21-8a2ce89126e8,1991,Basic,Together,103610.05078942033,1,0,2020-12-24,147,1,136,266,534,180,79,46,3,1,1,1,1,0,0,15,3,5,24
c22b2020-ea7b-46ac-a99e-3233b8354de6,1951,Graduation,Widow,140112.638477862,0,1,2021-06-05,60,1,601,146,264,455,133,64,1,0,1,0,0,0,1,3,8,6,28
f7f22be7-2465-45e2-8e8a-705b578c4c4d,1987,Graduation,Divorced,87946.80502195017,1,2,2023-10-21,93,0,1423,126,801,359,12,28,0,0,1,1,0,1,1,7,6,3,15
85bd1159-84ce-45fe-ab93-c37a41cde544,1987,2n Cycle,Widow,90025.77652578597,1,2,2022-07-14,49,0,836,45,941,67,63,49,6,1,1,1,1,0,1,1,11,14,8
5eea4a68-72d3-4624-b586-dd1d3fca3830,1978,Basic,Widow,49197.073112439786,1,1,2020-03-09,35,1,499,44,973,494,189,97,10,1,0,1,0,0,1,9,1,7,14
5eb17a68-5cc0-4604-b006-d32773120ae3,1981,Graduation,Together,117729.01064687116,1,1,2023-05-12,102,1,137,0,383,350,146,12,10,0,1,1,1,0,1,8,3,8,29
7c7030b9-8134-4e42-b8d3-71fd60933825,1971,Graduation,Married,36186.12479805327,1,1,2023-03-10,11,1,49,167,259,411,79,0,14,1,1,1,1,0,0,14,4,0,25
224757e0-667d-4f40-b5bd-434708e6ed9a,1999,Basic,Together,55315.093096594115,0,0,2020-01-03,99,0,972,107,413,458,122,33,11,1,1,1,0,1,0,12,2,6,9
8b3d6a1d-894b-4f84-a786-516327a5863e,1944,Master,Married,69561.10140629834,1,0,2021-07-20,110,0,253,18,990,490,42,92,7,0,0,1,1,1,1,16,8,8,28
f68466fe-7c57-44fc-945d-f34b6b103df3,1983,Basic,Single,81065.4530158237,1,2,2022-05-11,74,0,709,71,357,320,88,47,5,0,1,1,0,0,0,15,12,14,21
12075d80-83a3-403e-9495-98ab997317ad,1989,Graduation,Divorced,43937.362538111236,1,1,2021-10-18,9,0,562,108,74,48,147,76,3,1,0,0,0,0,0,1,4,11,15
c233203e-7641-4c22-a4e5-681b4fd82c21,1937,2n Cycle,Divorced,26077.155463488496,0,0,2020-07-09,3,0,756,267,354,174,94,47,13,1,0,1,1,1,1,19,1,9,3
b1206a63-10eb-4b1c-bdbe-bc6bd56534d5,1982,PhD,Single,95486.80594182857,1,1,2021-05-10,85,0,1449,239,583,51,195,48,5,1,1,0,0,0,1,19,10,4,19
bb5618a0-8a3a-44a9-b621-ca40ab81b984,1989,PhD,Widow,50408.277453635805,0,2,2021-04-19,26,1,546,89,770,101,171,63,2,0,1,1,1,0,0,13,2,11,12
8c120495-af8f-41c9-8b99-fe2c6d7638e8,1934,2n Cycle,Divorced,91373.35099916572,1,0,2020-05-03,72,1,1325,102,909,215,150,60,11,0,1,1,1,0,1,2,13,1,21
1046cc30-bedb-4c40-8bc0-f069a17a1ac3,1997,PhD,Divorced,31610.780138388323,1,0,2020-01-19,48,0,921,249,187,437,1,28,7,0,0,1,1,0,0,11,14,9,4
bb80d3df-10c0-4562-a630-e33b5ca5ce82,1935,2n Cycle,Together,77359.61425967445,0,0,2020-12-04,117,1,580,7,972,187,119,38,9,0,0,1,0,0,0,7,8,5,21
b24c1d7f-dd4b-4095-a330-0e8782560cdb,1976,Graduation,Together,84562.52055722201,1,2,2020-02-24,12,1,1372,152,684,56,21,87,13,0,0,0,1,0,1,1,6,11,6
84316fdb-a066-4aa1-9d71-e21dc7788bac,1984,Basic,Together,17255.295155139767,0,1,2023-12-17,133,0,48,173,991,46,114,25,12,0,0,0,0,0,0,3,1,11,22
2cdaad74-ef91-477b-9022-91f67e9dd9b5,1969,Master,Together,57124.59894714888,0,0,2023-08-12,48,1,916,157,289,158,56,16,12,0,0,1,1,0,0,13,8,6,8
cce166ee-83db-485b-bdf9-ace852158d46,1981,PhD,Single,28818.054771456395,1,2,2021-05-24,37,0,1097,214,44,488,71,70,1,1,0,0,1,0,0,15,13,1,7
a43ab547-59e5-481f-b01a-b63fd8c443ea,1945,PhD,Single,18872.495866187484,0,1,2023-01-10,44,0,703,176,572,173,6,12,4,1,1,1,1,1,1,18,3,1,28
9fd2e2ba-21b4-469d-9bbf-46d4ff0f0e57,1942,Basic,Widow,148594.43253459234,1,2,2022-03-20,15,1,260,174,82,241,183,68,0,0,1,1,0,1,1,1,12,9,15
54ffee91-d439-467b-bfe0-c2c51cba73fd,1959,Basic,Together,55129.538296461214,1,1,2022-01-11,43,0,355,145,122,281,118,25,5,0,0,0,0,1,1,11,8,14,5
fefa6af0-09c0-40de-8ab4-ff9dfa1962d6,1948,2n Cycle,Single,123382.42241964888,0,2,2021-10-02,87,0,1283,160,357,240,194,48,1,0,1,0,1,0,1,13,14,13,27
9420fda1-e75e-4e54-8765-ac90b5cd56f5,1946,Master,Married,45649.69166692694,0,1,2021-10-08,70,0,637,126,527,369,113,66,3,1,1,1,1,0,0,5,12,11,15
b34ed8fe-adda-46fa-84d7-12f1576bbfa3,1992,Graduation,Widow,105410.3811113501,0,0,2022-06-11,46,0,742,81,65,4,15,6,5,0,0,1,0,1,1,12,1,9,5
4c1c2173-51a2-4027-bfbb-f4eddc3c2ace,1948,2n Cycle,Single,116431.90038455612,0,1,2021-01-07,108,0,1318,146,935,83,82,57,9,1,0,0,0,0,1,3,14,0,13
a5978c60-600e-4105-abe3-39ebab6a87fe,1987,PhD,Widow,93389.4236850982,1,2,2020-08-03,123,0,1009,238,656,307,178,48,10,1,1,1,0,1,1,17,11,3,20
a9e12923-8adc-4d14-bf3d-c9ed5cc6a91b,1984,PhD,Single,76020.66639702217,1,2,2023-10-20,21,0,930,83,374,360,71,52,7,1,0,0,1,0,1,11,9,6,0
0a9b7cae-00bd-438b-b367-2b2cacaa7b2c,1991,Master,Divorced,67657.7279806176,0,1,2020-12-14,107,0,640,112,161,458,123,64,11,1,0,1,0,1,0,19,11,13,24
fb9671fd-4c91-44c2-b7b4-1f4a1793708e,1952,PhD,Married,58841.557316019345,1,0,2020-06-29,80,1,791,224,745,247,112,61,7,1,1,1,1,1,0,18,3,8,8
40206525-fe6f-41fb-96c7-b5fe3a5100f8,1938,Basic,Together,140134.08019469562,1,0,2022-02-14,47,1,1336,242,379,53,11,16,10,0,0,0,0,1,0,7,4,14,24
a8b290ea-6a37-415e-b226-0e3571afa60d,1941,PhD,Single,126286.71709028208,1,1,2020-05-31,117,1,611,142,655,160,125,42,5,0,1,0,1,0,1,6,1,2,26
667d3a89-8543-45e7-bd97-cd4c596045ed,1930,Master,Married,145103.76749331175,1,1,2021-06-12,124,0,808,40,357,433,52,24,3,1,1,0,1,1,1,15,9,11,23
fef7f1f1-a6c9-4807-82af-c1e45eb9a947,1987,Basic,Widow,27401.611287976262,0,2,2022-06-15,143,0,1205,257,187,421,74,2,7,0,1,1,1,0,0,18,0,10,12
949403e0-a0fe-4bef-9cf1-6373cb782ff6,1930,Master,Together,112321.44652851019,0,0,2020-08-27,25,1,685,284,321,410,132,78,12,1,1,1,0,0,1,5,6,6,25
bfd54077-4e73-4b91-aa22-e7868075b3a9,1963,PhD,Together,141367.6639549453,1,1,2020-06-18,36,1,1387,104,449,225,26,28,7,1,1,1,0,0,1,19,9,6,28
a072e13d-841c-4a10-a8c2-e2e06edfd2d3,1977,Basic,Married,35372.62926319242,0,0,2023-09-09,51,1,187,201,473,14,139,31,9,0,0,1,0,0,0,10,0,6,18
12be9028-ec27-4777-a0ea-707ff91d282f,1930,Graduation,Divorced,19309.47743134885,0,1,2020-03-26,15,0,984,265,12,223,144,25,13,0,0,0,1,0,0,4,10,1,16
f9b9b137-7b57-494c-b333-188472fa608e,1945,Master,Together,113756.89090060827,0,1,2020-06-17,68,1,547,209,183,60,133,15,0,0,0,1,1,0,1,15,10,5,10
91d7d20d-90b9-43dc-bead-24e171c65471,1990,2n Cycle,Single,90426.23584518766,1,0,2020-10-09,21,1,724,50,110,121,96,24,3,0,0,1,0,0,1,6,7,1,27
dbdbd27c-b33a-415f-84d8-868e9747b1f5,1993,2n Cycle,Married,127856.02874615809,1,1,2023-07-25,141,0,925,117,926,276,4,53,3,0,1,1,1,1,1,4,2,5,27
2a90636f-27a3-4e75-9c62-692a1f8f1469,1992,PhD,Married,29568.132727680528,1,1,2021-04-27,19,1,1431,200,507,45,56,27,6,1,1,0,1,1,0,10,13,12,7
71954508-2a2c-4d88-8a68-30c87acbe7d2,1998,PhD,Widow,121337.42366038462,0,2,2022-09-12,34,0,875,38,289,452,155,72,13,0,0,1,1,1,0,14,9,9,22
d7c59aad-11fe-4968-aae6-a0d25651ed1f,1951,Basic,Single,38227.824806684235,1,1,2021-01-15,78,0,617,27,294,389,77,55,13,0,1,1,0,0,0,2,5,2,28
a61d6124-9917-4add-bfe3-068122bafde8,1996,Graduation,Single,32911.832001198636,1,1,2021-01-05,125,0,413,258,450,293,68,64,10,0,0,0,1,0,0,4,6,13,4
8ee7114a-b8dd-44cb-817d-161fa7550a10,1955,Master,Married,32997.21171033901,0,1,2020-01-23,117,1,1365,83,903,61,117,92,6,1,0,1,0,0,1,4,9,1,9
616fbc35-0357-42e1-8ffd-440e1f36cba4,1945,Graduation,Widow,124040.4608323935,1,2,2021-11-18,52,1,1243,154,214,85,119,85,12,0,0,1,0,0,0,8,0,11,6
9231ec13-6c88-467d-8fe3-d344e3e3da54,1980,PhD,Single,103127.61089746802,1,0,2021-09-30,27,0,902,116,973,445,58,79,10,1,1,0,0,1,0,14,13,14,9
4739222e-96ff-438f-8bdd-fc501b877b2a,1986,2n Cycle,Widow,83229.15946767671,0,2,2023-12-09,35,1,162,1,631,209,32,40,14,0,1,1,0,0,1,2,5,13,3
dec291dc-ebd1-4e55-83f7-47a98b075baf,1958,Graduation,Together,60236.26777729035,0,2,2020-02-17,136,1,1243,92,893,77,61,50,7,0,1,1,0,1,1,5,6,5,8
b8dd80a4-216a-419f-a468-249873225d3c,1998,Basic,Together,132808.07571383516,0,0,2023-05-25,144,1,269,165,566,201,49,70,10,1,1,1,1,0,1,16,5,1,26
d46a96c6-b75c-424c-ac36-86e184f91081,1976,PhD,Single,64942.315039168956,1,2,2023-11-29,106,1,631,295,26,301,111,77,4,0,0,0,0,1,0,7,3,4,25
3ce15616-cabc-4b2c-8ef3-217e5657c8bb,1991,Graduation,Divorced,124323.9215260208,1,0,2023-09-02,146,0,905,257,629,396,18,28,6,0,1,1,0,0,1,10,0,1,13
8e66ac13-092c-48ca-9671-1ff003401399,1998,Basic,Widow,71478.88719983058,1,2,2023-02-22,2,1,1423,80,732,222,196,82,7,1,1,1,0,1,1,5,10,2,1
2d4718de-b1b4-45e1-8822-fab7a994e758,1945,Basic,Single,62772.22011948706,0,0,2020-12-16,77,0,1205,267,230,221,122,18,14,0,1,0,1,0,0,7,8,2,24
48e12f1d-7f12-45ed-952d-dccae060db1a,1977,Master,Single,74775.1699937449,0,1,2020-06-05,132,0,204,234,564,2,193,65,8,1,0,0,1,1,0,9,3,5,8
b83f6cf5-82ac-445a-9572-25d2c1bb7ba8,1968,Master,Together,52192.90238297989,1,2,2022-07-24,90,1,581,212,806,477,46,40,2,1,0,1,1,0,1,2,6,5,20
9af5a004-2a05-42f2-84a2-5d4b0d6fc6d4,1962,PhD,Single,114665.31322467516,1,2,2021-12-22,89,0,840,61,320,5,166,44,2,1,1,1,1,1,0,13,6,9,26
3885b3ad-8df3-469e-a308-5fbb69008b36,1952,PhD,Together,80380.85461294708,0,2,2022-06-12,94,1,1251,48,912,92,195,14,3,1,1,1,0,1,1,13,1,2,0
42503485-a4e3-43c6-ada1-1fe74d8f592a,1939,Master,Widow,42509.77732055442,0,2,2021-01-23,7,1,595,126,232,7,32,2,4,1,1,1,0,0,1,9,0,2,22
9317610e-7771-4c58-81c4-89e99458b262,1998,Master,Divorced,135940.44025843957,0,1,2022-11-25,95,0,249,222,669,427,140,10,9,0,1,0,1,1,0,11,7,12,9
13ac9f0d-2251-4836-84ba-c79299771c22,1963,PhD,Together,63744.7709922496,0,2,2021-09-25,108,0,874,278,436,492,83,52,0,0,0,1,1,0,1,5,7,11,9
572e75a3-9bcb-41f0-8773-97c7bc00f515,1981,Graduation,Single,86097.4005559584,1,1,2020-07-14,74,0,1464,293,780,234,181,45,14,0,1,0,1,0,0,11,6,12,19
02da7bb3-292b-40b3-b1f3-d948e1db727a,1939,Basic,Widow,136906.09553503658,0,1,2022-07-09,39,0,195,283,532,107,134,29,14,1,1,0,1,0,0,13,13,0,24
